{"cameraMode":{"drawMode":0,"name":"Shaded","section":"Shading Mode"},"sceneLighting":true,"audioPlay":false,"sceneViewState":{"m_AlwaysRefresh":false,"showFog":true,"showSkybox":true,"showFlares":true,"showImageEffects":true,"showParticleSystems":true,"showVisualEffectGraphs":true,"m_FxEnabled":true},"in2DMode":false,"pivot":{"x":21.684473037719728,"y":13.217425346374512,"z":26.500993728637697},"rotation":{"x":0.06848796457052231,"y":-0.6725193858146668,"z":0.06271687895059586,"w":0.7341915369033814},"size":0.8660253882408142,"orthographic":false}